en,date_and_time,meals,7dc382bb8397cefd531f732ff2b7dae4fa6327a6
en,date_and_time,weekdays,7dc382bb8397cefd531f732ff2b7dae4fa6327a6
en,date_and_time,months,7dc382bb8397cefd531f732ff2b7dae4fa6327a6
en,date_and_time,time_of_day,7dc382bb8397cefd531f732ff2b7dae4fa6327a6
en,geography,states_us,89ffed7acff0901e0d00c5d606e88eabece51865
en,date_and_time,time_units,c1a55db201e23372076c6cc77177ed1ad2393f56
en,geography,cities_world,ed5467717627dc1b2bf870afe359ea4285d4da89
en,music,genres,492d5864cd5332b86101dd7b8bdd02a396cbde0f
en,date_and_time,seasons,7dc382bb8397cefd531f732ff2b7dae4fa6327a6
en,geography,countries,3bb37d6a24f5a2cf72cbf4bce7dee3f43ec124a0
en,date_and_time,holidays_us,7dc382bb8397cefd531f732ff2b7dae4fa6327a6
